CIK,corp_name,stock_code,report_nm,rcept_no,url
00100814,포스코이앤씨,,사업보고서 (2024.12),20250320001007,https://dart.fss.or.kr/dsaf001/main.do?rcpNo=20250320001007
00100939,강남제비스코,000860,사업보고서 (2024.12),20250318001036,https://dart.fss.or.kr/dsaf001/main.do?rcpNo=20250318001036
00102751,고려산업,002140,사업보고서 (2024.12),20250312000333,https://dart.fss.or.kr/dsaf001/main.do?rcpNo=20250312000333
00103626,한솔피엔에스,010420,사업보고서 (2024.12),20250311001303,https://dart.fss.or.kr/dsaf001/main.do?rcpNo=20250311001303
00104810,소노스퀘어,007720,사업보고서 (2024.12),20250320000877,https://dart.fss.or.kr/dsaf001/main.do?rcpNo=20250320000877
00104856,삼성증권,016360,사업보고서 (2024.12),20250306000628,https://dart.fss.or.kr/dsaf001/main.do?rcpNo=20250306000628
00105606,금호에이치티,214330,사업보고서 (2024.12),20250317000938,https://dart.fss.or.kr/dsaf001/main.do?rcpNo=20250317000938
00107677,비비안,002070,사업보고서 (2024.12),20250321001351,https://dart.fss.or.kr/dsaf001/main.do?rcpNo=20250321001351
00109019,아이엠뱅크,005270,사업보고서 (2024.12),20250318001043,https://dart.fss.or.kr/dsaf001/main.do?rcpNo=20250318001043
00109286,대동,000490,사업보고서 (2024.12),20250318001356,https://dart.fss.or.kr/dsaf001/main.do?rcpNo=20250318001356
00109806,삼일씨엔에스,004440,사업보고서 (2024.12),20250320001188,https://dart.fss.or.kr/dsaf001/main.do?rcpNo=20250320001188
00110431,JW신약,067290,[기재정정]사업보고서 (2024.12),20250319000611,https://dart.fss.or.kr/dsaf001/main.do?rcpNo=20250319000611
00111874,대원산업,005710,사업보고서 (2024.12),20250320000948,https://dart.fss.or.kr/dsaf001/main.do?rcpNo=20250320000948
00112332,미래에셋생명,085620,[기재정정]사업보고서 (2024.12),20250814003144,https://dart.fss.or.kr/dsaf001/main.do?rcpNo=20250814003144
00112457,대주산업,003310,사업보고서 (2024.12),20250318000629,https://dart.fss.or.kr/dsaf001/main.do?rcpNo=20250318000629
00112882,교보생명보험,,[기재정정]사업보고서 (2024.12),20250515002959,https://dart.fss.or.kr/dsaf001/main.do?rcpNo=20250515002959
00112970,대한방직,001070,[기재정정]사업보고서 (2024.12),20250814002484,https://dart.fss.or.kr/dsaf001/main.do?rcpNo=20250814002484
00113058,한화생명,088350,[기재정정]사업보고서 (2024.12),20250331003702,https://dart.fss.or.kr/dsaf001/main.do?rcpNo=20250331003702
00113191,코리안리,003690,[기재정정]사업보고서 (2024.12),20250331003380,https://dart.fss.or.kr/dsaf001/main.do?rcpNo=20250331003380
00113359,교보증권,030610,사업보고서 (2024.12),20250313000901,https://dart.fss.or.kr/dsaf001/main.do?rcpNo=20250313000901
00113465,하나증권,,[기재정정]사업보고서 (2024.12),20250515000733,https://dart.fss.or.kr/dsaf001/main.do?rcpNo=20250515000733
00113562,롯데손해보험,000400,[기재정정]사업보고서 (2024.12),20250424000557,https://dart.fss.or.kr/dsaf001/main.do?rcpNo=20250424000557
00115694,DB증권,016610,사업보고서 (2024.12),20250317000605,https://dart.fss.or.kr/dsaf001/main.do?rcpNo=20250317000605
00117179,디와이,013570,사업보고서 (2024.12),20250312001047,https://dart.fss.or.kr/dsaf001/main.do?rcpNo=20250312001047
00117267,동양생명,082640,[기재정정]사업보고서 (2024.12),20250331000321,https://dart.fss.or.kr/dsaf001/main.do?rcpNo=20250331000321
00117601,유안타증권,003470,사업보고서 (2024.12),20250313000247,https://dart.fss.or.kr/dsaf001/main.do?rcpNo=20250313000247
00117744,메리츠화재해상보험,000060,사업보고서 (2024.12),20250331003145,https://dart.fss.or.kr/dsaf001/main.do?rcpNo=20250331003145
00118266,DRB동일,004840,사업보고서 (2024.12),20250313000850,https://dart.fss.or.kr/dsaf001/main.do?rcpNo=20250313000850
00118451,동일제강,002690,[기재정정]사업보고서 (2024.12),20250424000289,https://dart.fss.or.kr/dsaf001/main.do?rcpNo=20250424000289
00120216,KB손해보험,002550,[기재정정]사업보고서 (2024.12),20250331004034,https://dart.fss.or.kr/dsaf001/main.do?rcpNo=20250331004034
00120872,만호제강,001080,[기재정정]사업보고서 (2024.06),20250805000299,https://dart.fss.or.kr/dsaf001/main.do?rcpNo=20250805000299
00120988,삼성메디슨,,사업보고서 (2024.12),20250331001705,https://dart.fss.or.kr/dsaf001/main.do?rcpNo=20250331001705
00121570,문배철강,008420,[첨부추가]사업보고서 (2024.12),20250313000869,https://dart.fss.or.kr/dsaf001/main.do?rcpNo=20250313000869
00123523,창해에탄올,004650,[기재정정]사업보고서 (2024.12),20250814002715,https://dart.fss.or.kr/dsaf001/main.do?rcpNo=20250814002715
00123541,보해양조,000890,사업보고서 (2024.12),20250318001002,https://dart.fss.or.kr/dsaf001/main.do?rcpNo=20250318001002
00123781,부국철강,026940,사업보고서 (2024.12),20250320000887,https://dart.fss.or.kr/dsaf001/main.do?rcpNo=20250320000887
00124106,부산은행,005280,[기재정정]사업보고서 (2024.12),20250514000045,https://dart.fss.or.kr/dsaf001/main.do?rcpNo=20250514000045
00124656,비씨카드,,사업보고서 (2024.12),20250331000455,https://dart.fss.or.kr/dsaf001/main.do?rcpNo=20250331000455
00124780,사조씨푸드,014710,사업보고서 (2024.12),20250311000913,https://dart.fss.or.kr/dsaf001/main.do?rcpNo=20250311000913
00124805,푸른저축은행,007330,사업보고서 (2024.12),20250318000957,https://dart.fss.or.kr/dsaf001/main.do?rcpNo=20250318000957
00125664,삼미금속,012210,[기재정정]사업보고서 (2024.12),20250327000681,https://dart.fss.or.kr/dsaf001/main.do?rcpNo=20250327000681
00126256,삼성생명,032830,[기재정정]사업보고서 (2024.12),20250331004004,https://dart.fss.or.kr/dsaf001/main.do?rcpNo=20250331004004
00126292,삼성카드,029780,사업보고서 (2024.12),20250312000920,https://dart.fss.or.kr/dsaf001/main.do?rcpNo=20250312000920
00126779,삼아알미늄,006110,사업보고서 (2024.12),20250313001287,https://dart.fss.or.kr/dsaf001/main.do?rcpNo=20250313001287
00126788,삼아제약,009300,사업보고서 (2024.12),20250320001308,https://dart.fss.or.kr/dsaf001/main.do?rcpNo=20250320001308
00127909,삼일,032280,사업보고서 (2024.12),20250314001041,https://dart.fss.or.kr/dsaf001/main.do?rcpNo=20250314001041
00128111,포스코엠텍,009520,사업보고서 (2024.12),20250313001212,https://dart.fss.or.kr/dsaf001/main.do?rcpNo=20250313001212
00128607,삼천리자전거,024950,사업보고서 (2024.12),20250313000648,https://dart.fss.or.kr/dsaf001/main.do?rcpNo=20250313000648
00128926,삼현철강,017480,사업보고서 (2024.12),20250310000287,https://dart.fss.or.kr/dsaf001/main.do?rcpNo=20250310000287
00128971,디엘건설,001880,[기재정정]사업보고서 (2024.12),20250314001622,https://dart.fss.or.kr/dsaf001/main.do?rcpNo=20250314001622
00129013,CJ씨푸드,011150,사업보고서 (2024.12),20250317000808,https://dart.fss.or.kr/dsaf001/main.do?rcpNo=20250317000808
00129235,삼화왕관,004450,사업보고서 (2024.12),20250320000947,https://dart.fss.or.kr/dsaf001/main.do?rcpNo=20250320000947
00129271,삼화전기,009470,사업보고서 (2024.12),20250313000817,https://dart.fss.or.kr/dsaf001/main.do?rcpNo=20250313000817
00129350,삼화콘덴서공업,001820,사업보고서 (2024.12),20250313000953,https://dart.fss.or.kr/dsaf001/main.do?rcpNo=20250313000953
00129509,한익스프레스,014130,사업보고서 (2024.12),20250319000814,https://dart.fss.or.kr/dsaf001/main.do?rcpNo=20250319000814
00130587,서울전자통신,027040,사업보고서 (2024.12),20250320001197,https://dart.fss.or.kr/dsaf001/main.do?rcpNo=20250320001197
00131850,SK증권,001510,사업보고서 (2024.12),20250319001113,https://dart.fss.or.kr/dsaf001/main.do?rcpNo=20250319001113
00132725,SB성보,003080,사업보고서 (2024.12),20250318000798,https://dart.fss.or.kr/dsaf001/main.do?rcpNo=20250318000798
00135917,한화손해보험,000370,[기재정정]사업보고서 (2024.12),20250331003267,https://dart.fss.or.kr/dsaf001/main.do?rcpNo=20250331003267
00136004,신라에스지,025870,사업보고서 (2024.12),20250312000927,https://dart.fss.or.kr/dsaf001/main.do?rcpNo=20250312000927
00136101,메이슨캐피탈,,N/A,,
00136448,신신제약,002800,사업보고서 (2024.12),20250318000443,https://dart.fss.or.kr/dsaf001/main.do?rcpNo=20250318000443
00136624,신영와코루,005800,사업보고서 (2024.12),20250313000876,https://dart.fss.or.kr/dsaf001/main.do?rcpNo=20250313000876
00136642,에스유앤피,019590,[기재정정]사업보고서 (2024.12),20250721000024,https://dart.fss.or.kr/dsaf001/main.do?rcpNo=20250721000024
00137359,신풍제약,019170,[첨부추가]사업보고서 (2024.12),20250320000996,https://dart.fss.or.kr/dsaf001/main.do?rcpNo=20250320000996
00137368,신풍,002870,[기재정정]사업보고서 (2024.12),20250813000090,https://dart.fss.or.kr/dsaf001/main.do?rcpNo=20250813000090
00137456,신한캐피탈,,사업보고서 (2024.12),20250331000197,https://dart.fss.or.kr/dsaf001/main.do?rcpNo=20250331000197
00137517,신한라이프생명보험,,[기재정정]사업보고서 (2024.12),20250331002957,https://dart.fss.or.kr/dsaf001/main.do?rcpNo=20250331002957
00138020,SK실트론,,사업보고서 (2024.12),20250331002058,https://dart.fss.or.kr/dsaf001/main.do?rcpNo=20250331002058
00138057,써니전자,004770,사업보고서 (2024.12),20250317000934,https://dart.fss.or.kr/dsaf001/main.do?rcpNo=20250317000934
00138446,아가방컴퍼니,013990,[기재정정]사업보고서 (2024.12),20250812000252,https://dart.fss.or.kr/dsaf001/main.do?rcpNo=20250812000252
00139214,삼성화재해상보험,000810,[기재정정]사업보고서 (2024.12),20250328001868,https://dart.fss.or.kr/dsaf001/main.do?rcpNo=20250328001868
00140131,키다리스튜디오,020120,사업보고서 (2024.12),20250319000526,https://dart.fss.or.kr/dsaf001/main.do?rcpNo=20250319000526
00140168,HS애드,035000,사업보고서 (2024.12),20250311001196,https://dart.fss.or.kr/dsaf001/main.do?rcpNo=20250311001196
00140779,영보화학,014440,사업보고서 (2024.12),20250312000962,https://dart.fss.or.kr/dsaf001/main.do?rcpNo=20250312000962
00141404,블루산업개발,006740,[기재정정]사업보고서 (2024.12),20250411003513,https://dart.fss.or.kr/dsaf001/main.do?rcpNo=20250411003513
00141608,오리엔탈정공,014940,사업보고서 (2024.12),20250314000147,https://dart.fss.or.kr/dsaf001/main.do?rcpNo=20250314000147
00142661,우성,006980,[기재정정]사업보고서 (2024.12),20250814003765,https://dart.fss.or.kr/dsaf001/main.do?rcpNo=20250814003765
00142865,WISCOM,024070,사업보고서 (2024.12),20250320000660,https://dart.fss.or.kr/dsaf001/main.do?rcpNo=20250320000660
00143642,웅진식품,,사업보고서 (2024.12),20250331002909,https://dart.fss.or.kr/dsaf001/main.do?rcpNo=20250331002909
00143794,원림,005820,사업보고서 (2024.12),20250321000993,https://dart.fss.or.kr/dsaf001/main.do?rcpNo=20250321000993
00144650,유신,054930,사업보고서 (2024.12),20250320000730,https://dart.fss.or.kr/dsaf001/main.do?rcpNo=20250320000730
00145668,이화공영,001840,[기재정정]사업보고서 (2024.12),20250814001467,https://dart.fss.or.kr/dsaf001/main.do?rcpNo=20250814001467
00145686,이화산업,000760,사업보고서 (2024.12),20250320000337,https://dart.fss.or.kr/dsaf001/main.do?rcpNo=20250320000337
00145862,인천도시가스,034590,사업보고서 (2024.12),20250306000367,https://dart.fss.or.kr/dsaf001/main.do?rcpNo=20250306000367
00147295,전북은행,006350,[기재정정]사업보고서 (2024.12),20250430000371,https://dart.fss.or.kr/dsaf001/main.do?rcpNo=20250430000371
00148470,제일일렉트릭,199820,사업보고서 (2024.12),20250319000548,https://dart.fss.or.kr/dsaf001/main.do?rcpNo=20250319000548
00148610,한화투자증권,003530,사업보고서 (2024.12),20250311001013,https://dart.fss.or.kr/dsaf001/main.do?rcpNo=20250311001013
00148832,제주은행,006220,사업보고서 (2024.12),20250317000569,https://dart.fss.or.kr/dsaf001/main.do?rcpNo=20250317000569
00148920,조광페인트,004910,[기재정정]사업보고서 (2024.12),20250811000086,https://dart.fss.or.kr/dsaf001/main.do?rcpNo=20250811000086
00148948,조비,001550,사업보고서 (2024.12),20250317000781,https://dart.fss.or.kr/dsaf001/main.do?rcpNo=20250317000781
00149026,CS홀딩스,000590,[첨부추가]사업보고서 (2024.12),20250321001425,https://dart.fss.or.kr/dsaf001/main.do?rcpNo=20250321001425
00149293,신한은행,000010,사업보고서 (2024.12),20250318001188,https://dart.fss.or.kr/dsaf001/main.do?rcpNo=20250318001188
00149354,종근당홀딩스,001630,사업보고서 (2024.12),20250318001235,https://dart.fss.or.kr/dsaf001/main.do?rcpNo=20250318001235
00149646,기업은행,024110,사업보고서 (2024.12),20250318001325,https://dart.fss.or.kr/dsaf001/main.do?rcpNo=20250318001325
00149770,중앙에너비스,000440,사업보고서 (2024.12),20250314000625,https://dart.fss.or.kr/dsaf001/main.do?rcpNo=20250314000625
00151298,DSR제강,069730,사업보고서 (2024.12),20250226005968,https://dart.fss.or.kr/dsaf001/main.do?rcpNo=20250226005968
00152729,광전자,017900,사업보고서 (2024.12),20250320000952,https://dart.fss.or.kr/dsaf001/main.do?rcpNo=20250320000952
00152783,코메론,049430,사업보고서 (2024.12),20250319000535,https://dart.fss.or.kr/dsaf001/main.do?rcpNo=20250319000535
00152932,하나캐피탈,,사업보고서 (2024.12),20250317000495,https://dart.fss.or.kr/dsaf001/main.do?rcpNo=20250317000495
00153621,참엔지니어링,009310,사업보고서 (2024.12),20250318000654,https://dart.fss.or.kr/dsaf001/main.do?rcpNo=20250318000654
00153861,태영건설,009410,[기재정정]사업보고서 (2024.12),20250814003344,https://dart.fss.or.kr/dsaf001/main.do?rcpNo=20250814003344
00154426,아이에이치큐,003560,사업보고서 (2024.12),20250321000838,https://dart.fss.or.kr/dsaf001/main.do?rcpNo=20250321000838
00154718,비츠로셀,082920,사업보고서 (2024.12),20250318000663,https://dart.fss.or.kr/dsaf001/main.do?rcpNo=20250318000663
00155452,풍국주정,023900,사업보고서 (2024.12),20250318001261,https://dart.fss.or.kr/dsaf001/main.do?rcpNo=20250318001261
00155586,HLB이노베이션,024850,사업보고서 (2024.12),20250312001127,https://dart.fss.or.kr/dsaf001/main.do?rcpNo=20250312001127
00155638,피에스텍,002230,사업보고서 (2024.12),20250318001390,https://dart.fss.or.kr/dsaf001/main.do?rcpNo=20250318001390
00156859,다올투자증권,030210,[기재정정]사업보고서 (2024.12),20250317000595,https://dart.fss.or.kr/dsaf001/main.do?rcpNo=20250317000595
00156895,아주IB투자,027360,사업보고서 (2024.12),20250319000857,https://dart.fss.or.kr/dsaf001/main.do?rcpNo=20250319000857
00156910,SBI인베스트먼트,019550,사업보고서 (2024.12),20250319000401,https://dart.fss.or.kr/dsaf001/main.do?rcpNo=20250319000401
00157636,케이피에프,024880,사업보고서 (2024.12),20250319000642,https://dart.fss.or.kr/dsaf001/main.do?rcpNo=20250319000642
00158909,하나은행,004940,사업보고서 (2024.12),20250317000805,https://dart.fss.or.kr/dsaf001/main.do?rcpNo=20250317000805
00159102,DB손해보험,005830,[기재정정]사업보고서 (2024.12),20250814003767,https://dart.fss.or.kr/dsaf001/main.do?rcpNo=20250814003767
00159254,한국전자홀딩스,006200,[첨부추가]사업보고서 (2024.12),20250319001004,https://dart.fss.or.kr/dsaf001/main.do?rcpNo=20250319001004
00159342,한국정보통신,025770,사업보고서 (2024.12),20250313000436,https://dart.fss.or.kr/dsaf001/main.do?rcpNo=20250313000436
00159643,한국증권금융,,사업보고서 (2024.12),20250331003161,https://dart.fss.or.kr/dsaf001/main.do?rcpNo=20250331003161
00160144,한국투자증권,,사업보고서 (2024.12),20250321000977,https://dart.fss.or.kr/dsaf001/main.do?rcpNo=20250321000977
00160205,한국내화,010040,사업보고서 (2024.12),20250318000918,https://dart.fss.or.kr/dsaf001/main.do?rcpNo=20250318000918
00160393,케이비라이프생명보험,,[기재정정]사업보고서 (2024.12),20250428000500,https://dart.fss.or.kr/dsaf001/main.do?rcpNo=20250428000500
00161356,파르나스호텔,,사업보고서 (2024.12),20250328001027,https://dart.fss.or.kr/dsaf001/main.do?rcpNo=20250328001027
00161408,케이비캐피탈,021960,사업보고서 (2024.12),20250314001558,https://dart.fss.or.kr/dsaf001/main.do?rcpNo=20250314001558
00162416,한양증권,001750,사업보고서 (2024.12),20250321001966,https://dart.fss.or.kr/dsaf001/main.do?rcpNo=20250321001966
00162586,한올바이오파마,009420,사업보고서 (2024.12),20250318000750,https://dart.fss.or.kr/dsaf001/main.do?rcpNo=20250318000750
00162911,한일사료,005860,사업보고서 (2024.12),20250312000585,https://dart.fss.or.kr/dsaf001/main.do?rcpNo=20250312000585
00163682,메리츠증권,008560,사업보고서 (2024.12),20250331003245,https://dart.fss.or.kr/dsaf001/main.do?rcpNo=20250331003245
00163761,한창제지,009460,사업보고서 (2024.12),20250318001122,https://dart.fss.or.kr/dsaf001/main.do?rcpNo=20250318001122
00164876,케이비증권,003450,사업보고서 (2024.12),20250321001148,https://dart.fss.or.kr/dsaf001/main.do?rcpNo=20250321001148
00164973,현대해상,001450,[기재정정]사업보고서 (2024.12),20250407001731,https://dart.fss.or.kr/dsaf001/main.do?rcpNo=20250407001731
00165459,GS칼텍스,,사업보고서 (2024.12),20250331002860,https://dart.fss.or.kr/dsaf001/main.do?rcpNo=20250331002860
00165653,호텔롯데,,사업보고서 (2024.12),20250331003708,https://dart.fss.or.kr/dsaf001/main.do?rcpNo=20250331003708
00166500,화천기계,010660,[기재정정]사업보고서 (2024.12),20250814002772,https://dart.fss.or.kr/dsaf001/main.do?rcpNo=20250814002772
00166519,화천기공,000850,사업보고서 (2024.12),20250312000803,https://dart.fss.or.kr/dsaf001/main.do?rcpNo=20250312000803
00166546,환영철강공업,,사업보고서 (2024.12),20250331002865,https://dart.fss.or.kr/dsaf001/main.do?rcpNo=20250331002865
00167068,흥국생명보험,,[기재정정]사업보고서 (2024.12),20250410002948,https://dart.fss.or.kr/dsaf001/main.do?rcpNo=20250410002948
00168331,온타이드,005320,사업보고서 (2024.12),20250320000926,https://dart.fss.or.kr/dsaf001/main.do?rcpNo=20250320000926
00168401,금비,,N/A,,
00169048,HLB글로벌,003580,사업보고서 (2024.12),20250319000687,https://dart.fss.or.kr/dsaf001/main.do?rcpNo=20250319000687
00170442,하나에프앤아이,,사업보고서 (2024.12),20250314001545,https://dart.fss.or.kr/dsaf001/main.do?rcpNo=20250314001545
00173449,빌리언스,044480,사업보고서 (2024.12),20250312001143,https://dart.fss.or.kr/dsaf001/main.do?rcpNo=20250312001143
00173661,에스지신성건설,001970,사업보고서 (2024.12),20250331003654,https://dart.fss.or.kr/dsaf001/main.do?rcpNo=20250331003654
00173999,유성티엔에스,024800,사업보고서 (2024.12),20250328002304,https://dart.fss.or.kr/dsaf001/main.do?rcpNo=20250328002304
00177320,대성미생물,036480,사업보고서 (2024.12),20250318000467,https://dart.fss.or.kr/dsaf001/main.do?rcpNo=20250318000467
00181299,상아프론테크,089980,사업보고서 (2024.12),20250317000962,https://dart.fss.or.kr/dsaf001/main.do?rcpNo=20250317000962
00185222,크린앤사이언스,045520,[첨부추가]사업보고서 (2024.12),20250320000033,https://dart.fss.or.kr/dsaf001/main.do?rcpNo=20250320000033
00185505,제일바이오,052670,[기재정정]사업보고서 (2024.12),20250814004267,https://dart.fss.or.kr/dsaf001/main.do?rcpNo=20250814004267
00189538,피델릭스,032580,사업보고서 (2024.12),20250311000076,https://dart.fss.or.kr/dsaf001/main.do?rcpNo=20250311000076
00191588,삼원강재,023000,사업보고서 (2024.12),20250314000520,https://dart.fss.or.kr/dsaf001/main.do?rcpNo=20250314000520
00199988,동아화성,041930,[첨부추가]사업보고서 (2024.12),20250320000809,https://dart.fss.or.kr/dsaf001/main.do?rcpNo=20250320000809
00201742,유라테크,048430,사업보고서 (2024.12),20250318000569,https://dart.fss.or.kr/dsaf001/main.do?rcpNo=20250318000569
00203582,한솔홈데코,025750,사업보고서 (2024.12),20250311000946,https://dart.fss.or.kr/dsaf001/main.do?rcpNo=20250311000946
00204642,티비씨,033830,[기재정정]사업보고서 (2024.12),20250513000334,https://dart.fss.or.kr/dsaf001/main.do?rcpNo=20250513000334
00204688,대림,,사업보고서 (2024.12),20250331003733,https://dart.fss.or.kr/dsaf001/main.do?rcpNo=20250331003733
00205003,좋은사람들,033340,사업보고서 (2024.12),20250320001264,https://dart.fss.or.kr/dsaf001/main.do?rcpNo=20250320001264
00206659,이랜텍,054210,[기재정정]사업보고서 (2024.12),20250327001006,https://dart.fss.or.kr/dsaf001/main.do?rcpNo=20250327001006
00207676,롯데글로벌로지스,,사업보고서 (2024.12),20250321000949,https://dart.fss.or.kr/dsaf001/main.do?rcpNo=20250321000949
00207737,세메스,,사업보고서 (2024.12),20250331002978,https://dart.fss.or.kr/dsaf001/main.do?rcpNo=20250331002978
00208444,피에스케이홀딩스,031980,사업보고서 (2024.12),20250321001638,https://dart.fss.or.kr/dsaf001/main.do?rcpNo=20250321001638
00208514,현대캐피탈,,사업보고서 (2024.12),20250331002733,https://dart.fss.or.kr/dsaf001/main.do?rcpNo=20250331002733
00209443,우리금융캐피탈,033660,사업보고서 (2024.12),20250318000865,https://dart.fss.or.kr/dsaf001/main.do?rcpNo=20250318000865
00216498,성도이엔지,037350,[기재정정]사업보고서 (2024.12),20250814001118,https://dart.fss.or.kr/dsaf001/main.do?rcpNo=20250814001118
00219051,롯데카드,,사업보고서 (2024.12),20250331002692,https://dart.fss.or.kr/dsaf001/main.do?rcpNo=20250331002692
00219486,신세계I&C,035510,사업보고서 (2024.12),20250317000967,https://dart.fss.or.kr/dsaf001/main.do?rcpNo=20250317000967
00220686,에스피지,058610,사업보고서 (2024.12),20250318000311,https://dart.fss.or.kr/dsaf001/main.do?rcpNo=20250318000311
00221728,하츠,066130,사업보고서 (2024.12),20250318000548,https://dart.fss.or.kr/dsaf001/main.do?rcpNo=20250318000548
00222295,롯데캐피탈,,사업보고서 (2024.12),20250331001716,https://dart.fss.or.kr/dsaf001/main.do?rcpNo=20250331001716
00222374,현대카드,,사업보고서 (2024.12),20250321001518,https://dart.fss.or.kr/dsaf001/main.do?rcpNo=20250321001518
00222532,LG헬로비전,037560,사업보고서 (2024.12),20250306000713,https://dart.fss.or.kr/dsaf001/main.do?rcpNo=20250306000713
00225706,JW생명과학,234080,사업보고서 (2024.12),20250318001174,https://dart.fss.or.kr/dsaf001/main.do?rcpNo=20250318001174
00226352,케이엠더블유,032500,사업보고서 (2024.12),20250320000541,https://dart.fss.or.kr/dsaf001/main.do?rcpNo=20250320000541
00230911,HRS,036640,사업보고서 (2024.12),20250318000433,https://dart.fss.or.kr/dsaf001/main.do?rcpNo=20250318000433
00231664,우리기술투자,041190,사업보고서 (2024.12),20250320000645,https://dart.fss.or.kr/dsaf001/main.do?rcpNo=20250320000645
00231707,비트컴퓨터,032850,사업보고서 (2024.12),20250317000141,https://dart.fss.or.kr/dsaf001/main.do?rcpNo=20250317000141
00231901,LB인베스트먼트,309960,사업보고서 (2024.12),20250318000691,https://dart.fss.or.kr/dsaf001/main.do?rcpNo=20250318000691
00231929,지에스이피에스,,사업보고서 (2024.12),20250318000364,https://dart.fss.or.kr/dsaf001/main.do?rcpNo=20250318000364
00233653,한국토지신탁,034830,사업보고서 (2024.12),20250318001056,https://dart.fss.or.kr/dsaf001/main.do?rcpNo=20250318001056
00234971,제이비우리캐피탈,,사업보고서 (2024.12),20250319000539,https://dart.fss.or.kr/dsaf001/main.do?rcpNo=20250319000539
00238001,블루콤,033560,사업보고서 (2024.12),20250313001159,https://dart.fss.or.kr/dsaf001/main.do?rcpNo=20250313001159
00238199,로지시스,067730,사업보고서 (2024.12),20250318001270,https://dart.fss.or.kr/dsaf001/main.do?rcpNo=20250318001270
00238782,다우데이타,032190,사업보고서 (2024.12),20250320001297,https://dart.fss.or.kr/dsaf001/main.do?rcpNo=20250320001297
00239514,삼진엘앤디,054090,[기재정정]사업보고서 (2024.12),20250327001009,https://dart.fss.or.kr/dsaf001/main.do?rcpNo=20250327001009
00243979,수성웹툰,084180,사업보고서 (2024.12),20250319000824,https://dart.fss.or.kr/dsaf001/main.do?rcpNo=20250319000824
00247975,솔브레인홀딩스,036830,사업보고서 (2024.12),20250318001278,https://dart.fss.or.kr/dsaf001/main.do?rcpNo=20250318001278
00248938,엠지캐피탈,,사업보고서 (2024.12),20250331002386,https://dart.fss.or.kr/dsaf001/main.do?rcpNo=20250331002386
00249502,골드앤에스,035290,사업보고서 (2024.12),20250318001388,https://dart.fss.or.kr/dsaf001/main.do?rcpNo=20250318001388
00250614,삼영엠텍,054540,사업보고서 (2024.12),20250321000394,https://dart.fss.or.kr/dsaf001/main.do?rcpNo=20250321000394
00251400,BNK투자증권,,사업보고서 (2024.12),20250318000709,https://dart.fss.or.kr/dsaf001/main.do?rcpNo=20250318000709
00254045,우리은행,000030,사업보고서 (2024.12),20250318001159,https://dart.fss.or.kr/dsaf001/main.do?rcpNo=20250318001159
00255044,현대에이치티,039010,사업보고서 (2024.12),20250321000690,https://dart.fss.or.kr/dsaf001/main.do?rcpNo=20250321000690
00255275,HB테크놀러지,078150,사업보고서 (2024.12),20250317000922,https://dart.fss.or.kr/dsaf001/main.do?rcpNo=20250317000922
00259253,피케이밸브앤엔지니어링,,사업보고서 (2024.12),20250331003057,https://dart.fss.or.kr/dsaf001/main.do?rcpNo=20250331003057
00259776,미래에셋자산운용,,사업보고서 (2024.12),20250321001843,https://dart.fss.or.kr/dsaf001/main.do?rcpNo=20250321001843
00260356,산은캐피탈,008270,사업보고서 (2024.12),20250331002444,https://dart.fss.or.kr/dsaf001/main.do?rcpNo=20250331002444
00260569,유니셈,036200,사업보고서 (2024.12),20250307001164,https://dart.fss.or.kr/dsaf001/main.do?rcpNo=20250307001164
00260611,웰킵스하이텍,043590,사업보고서 (2024.12),20250321000966,https://dart.fss.or.kr/dsaf001/main.do?rcpNo=20250321000966
00260657,오상헬스케어,036220,사업보고서 (2024.12),20250319001053,https://dart.fss.or.kr/dsaf001/main.do?rcpNo=20250319001053
00260958,케이티알파,036030,사업보고서 (2024.12),20250319000169,https://dart.fss.or.kr/dsaf001/main.do?rcpNo=20250319000169
00261373,마크로젠,038290,사업보고서 (2024.12),20250321001254,https://dart.fss.or.kr/dsaf001/main.do?rcpNo=20250321001254
00262266,삼현,437730,사업보고서 (2024.12),20250320000972,https://dart.fss.or.kr/dsaf001/main.do?rcpNo=20250320000972
00264945,나이스정보통신,036800,사업보고서 (2024.12),20250317000835,https://dart.fss.or.kr/dsaf001/main.do?rcpNo=20250317000835
00266952,네오위즈홀딩스,042420,[기재정정]사업보고서 (2024.12),20250813001287,https://dart.fss.or.kr/dsaf001/main.do?rcpNo=20250813001287
00275251,아이비케이캐피탈,,[기재정정]사업보고서 (2024.12),20250414001893,https://dart.fss.or.kr/dsaf001/main.do?rcpNo=20250414001893
00276083,피노,033790,[기재정정]사업보고서 (2024.12),20250709000309,https://dart.fss.or.kr/dsaf001/main.do?rcpNo=20250709000309
00277736,한일네트웍스,046110,사업보고서 (2024.12),20250328000985,https://dart.fss.or.kr/dsaf001/main.do?rcpNo=20250328000985
00294511,시큐아이,,사업보고서 (2024.12),20250331000491,https://dart.fss.or.kr/dsaf001/main.do?rcpNo=20250331000491
00296263,YW,051390,[기재정정]사업보고서 (2024.12),20250808000247,https://dart.fss.or.kr/dsaf001/main.do?rcpNo=20250808000247
00296290,키움증권,039490,사업보고서 (2024.12),20250317000785,https://dart.fss.or.kr/dsaf001/main.do?rcpNo=20250317000785
00299358,트레스,102210,사업보고서 (2024.12),20250331003251,https://dart.fss.or.kr/dsaf001/main.do?rcpNo=20250331003251
00299367,에스엘엘중앙,,사업보고서 (2024.12),20250331003941,https://dart.fss.or.kr/dsaf001/main.do?rcpNo=20250331003941
00302078,엠피씨플러스,050540,사업보고서 (2024.12),20250320001593,https://dart.fss.or.kr/dsaf001/main.do?rcpNo=20250320001593
00302634,현대트랜시스,,사업보고서 (2024.12),20250331003777,https://dart.fss.or.kr/dsaf001/main.do?rcpNo=20250331003777
00303396,한국컴퓨터,054040,[기재정정]사업보고서 (2024.12),20250708000266,https://dart.fss.or.kr/dsaf001/main.do?rcpNo=20250708000266
00305668,새론오토모티브,075180,사업보고서 (2024.12),20250321000868,https://dart.fss.or.kr/dsaf001/main.do?rcpNo=20250321000868
00307189,에스케이엔펄스,057500,사업보고서 (2024.12),20250328001189,https://dart.fss.or.kr/dsaf001/main.do?rcpNo=20250328001189
00307897,신한카드,032710,사업보고서 (2024.12),20250318001133,https://dart.fss.or.kr/dsaf001/main.do?rcpNo=20250318001133
00308559,코디,080530,사업보고서 (2024.12),20250321001409,https://dart.fss.or.kr/dsaf001/main.do?rcpNo=20250321001409
00317487,티에스넥스젠,043220,사업보고서 (2024.12),20250331003863,https://dart.fss.or.kr/dsaf001/main.do?rcpNo=20250331003863
00319272,성우,458650,[기재정정]사업보고서 (2024.12),20250414002047,https://dart.fss.or.kr/dsaf001/main.do?rcpNo=20250414002047
00325185,GS파워,,[기재정정]사업보고서 (2024.12),20250327000533,https://dart.fss.or.kr/dsaf001/main.do?rcpNo=20250327000533
00331016,에프앤가이드,064850,[기재정정]사업보고서 (2024.12),20250811000299,https://dart.fss.or.kr/dsaf001/main.do?rcpNo=20250811000299
00332468,에이치디현대삼호,,[기재정정]사업보고서 (2024.12),20250319001046,https://dart.fss.or.kr/dsaf001/main.do?rcpNo=20250319001046
00332927,제이에스코퍼레이션,194370,사업보고서 (2024.12),20250317000998,https://dart.fss.or.kr/dsaf001/main.do?rcpNo=20250317000998
00336297,고려신용정보,049720,사업보고서 (2024.12),20250317000548,https://dart.fss.or.kr/dsaf001/main.do?rcpNo=20250317000548
00338170,이닉스,452400,사업보고서 (2024.12),20250320000602,https://dart.fss.or.kr/dsaf001/main.do?rcpNo=20250320000602
00339230,싸이버로지텍,,사업보고서 (2024.12),20250331003087,https://dart.fss.or.kr/dsaf001/main.do?rcpNo=20250331003087
00340272,에스폴리텍,050760,사업보고서 (2024.12),20250318000451,https://dart.fss.or.kr/dsaf001/main.do?rcpNo=20250318000451
00347062,현대바이오랜드,052260,사업보고서 (2024.12),20250311001186,https://dart.fss.or.kr/dsaf001/main.do?rcpNo=20250311001186
00349732,코나아이,052400,사업보고서 (2024.12),20250314001257,https://dart.fss.or.kr/dsaf001/main.do?rcpNo=20250314001257
00349927,현대엔지니어링,,사업보고서 (2024.12),20250327001222,https://dart.fss.or.kr/dsaf001/main.do?rcpNo=20250327001222
00350312,HDC랩스,039570,[기재정정]사업보고서 (2024.12),20250812000577,https://dart.fss.or.kr/dsaf001/main.do?rcpNo=20250812000577
00351807,대원미디어,048910,사업보고서 (2024.12),20250318000965,https://dart.fss.or.kr/dsaf001/main.do?rcpNo=20250318000965
00353610,이니텍,053350,[기재정정]사업보고서 (2024.12),20250814001951,https://dart.fss.or.kr/dsaf001/main.do?rcpNo=20250814001951
00353762,키이스트,054780,사업보고서 (2024.12),20250314001265,https://dart.fss.or.kr/dsaf001/main.do?rcpNo=20250314001265
00361381,제이브이엠,054950,사업보고서 (2024.12),20250321001593,https://dart.fss.or.kr/dsaf001/main.do?rcpNo=20250321001593
00361488,텔코웨어,078000,[기재정정]사업보고서 (2024.12),20250814001427,https://dart.fss.or.kr/dsaf001/main.do?rcpNo=20250814001427
00362159,웰크론,065950,사업보고서 (2024.12),20250318001051,https://dart.fss.or.kr/dsaf001/main.do?rcpNo=20250318001051
00363486,로체시스템즈,071280,사업보고서 (2024.12),20250314001632,https://dart.fss.or.kr/dsaf001/main.do?rcpNo=20250314001632
00363769,NICE인프라,063570,사업보고서 (2024.12),20250317000969,https://dart.fss.or.kr/dsaf001/main.do?rcpNo=20250317000969
00365387,AJ네트웍스,095570,[기재정정]사업보고서 (2024.12),20250325000220,https://dart.fss.or.kr/dsaf001/main.do?rcpNo=20250325000220
00366438,산일전기,062040,[기재정정]사업보고서 (2024.12),20250328001583,https://dart.fss.or.kr/dsaf001/main.do?rcpNo=20250328001583
00367604,SM Life Design,063440,사업보고서 (2024.12),20250314000694,https://dart.fss.or.kr/dsaf001/main.do?rcpNo=20250314000694
00370918,케이디켐,221980,사업보고서 (2024.12),20250321000013,https://dart.fss.or.kr/dsaf001/main.do?rcpNo=20250321000013
00372873,KTis,058860,사업보고서 (2024.12),20250318000822,https://dart.fss.or.kr/dsaf001/main.do?rcpNo=20250318000822
00382199,신한지주,055550,사업보고서 (2024.12),20250318000993,https://dart.fss.or.kr/dsaf001/main.do?rcpNo=20250318000993
00386937,국민은행,060000,사업보고서 (2024.12),20250314001552,https://dart.fss.or.kr/dsaf001/main.do?rcpNo=20250314001552
00390055,종근당바이오,063160,사업보고서 (2024.12),20250318001004,https://dart.fss.or.kr/dsaf001/main.do?rcpNo=20250318001004
00390365,토비스,051360,사업보고서 (2024.12),20250318000206,https://dart.fss.or.kr/dsaf001/main.do?rcpNo=20250318000206
00392770,지아이티,,사업보고서 (2024.12),20250331003972,https://dart.fss.or.kr/dsaf001/main.do?rcpNo=20250331003972
00398808,디지털대성,068930,사업보고서 (2024.12),20250318000764,https://dart.fss.or.kr/dsaf001/main.do?rcpNo=20250318000764
00400060,이씨에스,,N/A,,
00400857,에이블씨엔씨,078520,사업보고서 (2024.12),20250321001828,https://dart.fss.or.kr/dsaf001/main.do?rcpNo=20250321001828
00404701,한국자산신탁,123890,사업보고서 (2024.12),20250318001253,https://dart.fss.or.kr/dsaf001/main.do?rcpNo=20250318001253
00405506,삼영에스앤씨,361670,사업보고서 (2024.12),20250314001721,https://dart.fss.or.kr/dsaf001/main.do?rcpNo=20250314001721
00407814,CG인바이츠,083790,[기재정정]사업보고서 (2024.12),20250808000532,https://dart.fss.or.kr/dsaf001/main.do?rcpNo=20250808000532
00411385,유비쿼스홀딩스,078070,[첨부추가]사업보고서 (2024.12),20250318001391,https://dart.fss.or.kr/dsaf001/main.do?rcpNo=20250318001391
00411446,큐에스아이,066310,사업보고서 (2024.12),20250317000469,https://dart.fss.or.kr/dsaf001/main.do?rcpNo=20250317000469
00414601,유니퀘스트,077500,사업보고서 (2024.12),20250320001187,https://dart.fss.or.kr/dsaf001/main.do?rcpNo=20250320001187
00415646,드림텍,192650,[기재정정]사업보고서 (2024.12),20250328002249,https://dart.fss.or.kr/dsaf001/main.do?rcpNo=20250328002249
00416593,대신에프앤아이,,사업보고서 (2024.12),20250331002068,https://dart.fss.or.kr/dsaf001/main.do?rcpNo=20250331002068
00418041,미라콤아이앤씨,,사업보고서 (2024.12),20250331002153,https://dart.fss.or.kr/dsaf001/main.do?rcpNo=20250331002153
00430089,삼보오토,070080,사업보고서 (2024.12),20250324000333,https://dart.fss.or.kr/dsaf001/main.do?rcpNo=20250324000333
00432102,한국금융지주,071050,사업보고서 (2024.12),20250320000910,https://dart.fss.or.kr/dsaf001/main.do?rcpNo=20250320000910
00441650,케이씨에스,115500,사업보고서 (2024.12),20250318001194,https://dart.fss.or.kr/dsaf001/main.do?rcpNo=20250318001194
00442048,아바텍,149950,[첨부추가]사업보고서 (2024.12),20250312000750,https://dart.fss.or.kr/dsaf001/main.do?rcpNo=20250312000750
00442154,제이엔케이글로벌,126880,[기재정정]사업보고서 (2024.12),20250814002508,https://dart.fss.or.kr/dsaf001/main.do?rcpNo=20250814002508
00442835,메타랩스,090370,사업보고서 (2024.12),20250320001179,https://dart.fss.or.kr/dsaf001/main.do?rcpNo=20250320001179
00446901,코칩,126730,사업보고서 (2024.12),20250319000690,https://dart.fss.or.kr/dsaf001/main.do?rcpNo=20250319000690
00447007,알리코제약,260660,사업보고서 (2024.12),20250320000881,https://dart.fss.or.kr/dsaf001/main.do?rcpNo=20250320000881
00447609,비에이치,090460,[기재정정]사업보고서 (2024.12),20250326000026,https://dart.fss.or.kr/dsaf001/main.do?rcpNo=20250326000026
00450995,대모,317850,사업보고서 (2024.12),20250319000480,https://dart.fss.or.kr/dsaf001/main.do?rcpNo=20250319000480
00453284,교촌에프앤비,339770,[기재정정]사업보고서 (2024.12),20250324000180,https://dart.fss.or.kr/dsaf001/main.do?rcpNo=20250324000180
00455389,메르세데스벤츠파이낸셜서비스코리아,,사업보고서 (2024.12),20250331002130,https://dart.fss.or.kr/dsaf001/main.do?rcpNo=20250331002130
00458562,에이티세미콘,089530,사업보고서 (2024.12),20250321000973,https://dart.fss.or.kr/dsaf001/main.do?rcpNo=20250321000973
00459844,푸본현대생명보험,,사업보고서 (2024.12),20250328000873,https://dart.fss.or.kr/dsaf001/main.do?rcpNo=20250328000873
00461593,한화토탈에너지스,,사업보고서 (2024.12),20250331002298,https://dart.fss.or.kr/dsaf001/main.do?rcpNo=20250331002298
00462121,이노와이어리스,073490,사업보고서 (2024.12),20250319000954,https://dart.fss.or.kr/dsaf001/main.do?rcpNo=20250319000954
00463342,폴라리스AI파마,041910,사업보고서 (2024.12),20250312001029,https://dart.fss.or.kr/dsaf001/main.do?rcpNo=20250312001029
00471068,덕산하이메탈,077360,[기재정정]사업보고서 (2024.12),20250327000920,https://dart.fss.or.kr/dsaf001/main.do?rcpNo=20250327000920
00472890,동국알앤에스,075970,사업보고서 (2024.12),20250314001302,https://dart.fss.or.kr/dsaf001/main.do?rcpNo=20250314001302
00484682,엘오티베큠,083310,사업보고서 (2024.12),20250321000995,https://dart.fss.or.kr/dsaf001/main.do?rcpNo=20250321000995
00486370,성창오토텍,080470,사업보고서 (2024.12),20250320001322,https://dart.fss.or.kr/dsaf001/main.do?rcpNo=20250320001322
00488989,한양디지텍,078350,사업보고서 (2024.12),20250317000462,https://dart.fss.or.kr/dsaf001/main.do?rcpNo=20250317000462
00489243,동아엘텍,088130,사업보고서 (2024.12),20250318001039,https://dart.fss.or.kr/dsaf001/main.do?rcpNo=20250318001039
00491053,진바이오텍,086060,사업보고서 (2024.12),20250314000599,https://dart.fss.or.kr/dsaf001/main.do?rcpNo=20250314000599
00492706,씨싸이트,109670,사업보고서 (2024.12),20250318000488,https://dart.fss.or.kr/dsaf001/main.do?rcpNo=20250318000488
00495086,픽셀플러스,087600,사업보고서 (2024.12),20250321000284,https://dart.fss.or.kr/dsaf001/main.do?rcpNo=20250321000284
00513948,녹십자엠에스,142280,[기재정정]사업보고서 (2024.12),20250319001141,https://dart.fss.or.kr/dsaf001/main.do?rcpNo=20250319001141
00520610,씨큐브,101240,사업보고서 (2024.12),20250318000197,https://dart.fss.or.kr/dsaf001/main.do?rcpNo=20250318000197
00520887,비상교육,100220,사업보고서 (2024.12),20250320001015,https://dart.fss.or.kr/dsaf001/main.do?rcpNo=20250320001015
00524421,테스,095610,사업보고서 (2024.12),20250314001042,https://dart.fss.or.kr/dsaf001/main.do?rcpNo=20250314001042
00526836,미래나노텍,095500,사업보고서 (2024.12),20250312001106,https://dart.fss.or.kr/dsaf001/main.do?rcpNo=20250312001106
00531865,유니테크노,241690,사업보고서 (2024.12),20250321001940,https://dart.fss.or.kr/dsaf001/main.do?rcpNo=20250321001940
00531917,톱텍,108230,사업보고서 (2024.12),20250319001144,https://dart.fss.or.kr/dsaf001/main.do?rcpNo=20250319001144
00534598,한컴라이프케어,372910,[기재정정]사업보고서 (2024.12),20250814000446,https://dart.fss.or.kr/dsaf001/main.do?rcpNo=20250814000446
00536523,로보스타,090360,사업보고서 (2024.12),20250313001105,https://dart.fss.or.kr/dsaf001/main.do?rcpNo=20250313001105
00541349,셀트리온제약,068760,[기재정정]사업보고서 (2024.12),20250324000587,https://dart.fss.or.kr/dsaf001/main.do?rcpNo=20250324000587
00542074,나노캠텍,091970,사업보고서 (2024.12),20250318001427,https://dart.fss.or.kr/dsaf001/main.do?rcpNo=20250318001427
00545929,제넥신,095700,사업보고서 (2024.12),20250310000953,https://dart.fss.or.kr/dsaf001/main.do?rcpNo=20250310000953
00547510,툴젠,199800,사업보고서 (2024.12),20250320001166,https://dart.fss.or.kr/dsaf001/main.do?rcpNo=20250320001166
00547583,하나금융지주,086790,사업보고서 (2024.12),20250317000894,https://dart.fss.or.kr/dsaf001/main.do?rcpNo=20250317000894
00561723,쏘닉스,088280,사업보고서 (2024.12),20250319000439,https://dart.fss.or.kr/dsaf001/main.do?rcpNo=20250319000439
00562360,에코볼트,097780,[기재정정]사업보고서 (2024.12),20250325000414,https://dart.fss.or.kr/dsaf001/main.do?rcpNo=20250325000414
00580065,월덱스,101160,사업보고서 (2024.12),20250319000351,https://dart.fss.or.kr/dsaf001/main.do?rcpNo=20250319000351
00595012,애큐온캐피탈,,사업보고서 (2024.12),20250331002463,https://dart.fss.or.kr/dsaf001/main.do?rcpNo=20250331002463
00595182,아톤,158430,[기재정정]사업보고서 (2024.12),20250513000802,https://dart.fss.or.kr/dsaf001/main.do?rcpNo=20250513000802
00598198,컴퍼니케이,307930,사업보고서 (2024.12),20250314000683,https://dart.fss.or.kr/dsaf001/main.do?rcpNo=20250314000683
00599151,SV인베스트먼트,,N/A,,
00603278,현대커머셜,,사업보고서 (2024.12),20250321001505,https://dart.fss.or.kr/dsaf001/main.do?rcpNo=20250321001505
00606293,나이스디앤비,130580,사업보고서 (2024.12),20250313000602,https://dart.fss.or.kr/dsaf001/main.do?rcpNo=20250313000602
00606770,참좋은여행,094850,사업보고서 (2024.12),20250313000430,https://dart.fss.or.kr/dsaf001/main.do?rcpNo=20250313000430
00608699,탑코미디어,134580,사업보고서 (2024.12),20250318001254,https://dart.fss.or.kr/dsaf001/main.do?rcpNo=20250318001254
00609324,뷰웍스,100120,사업보고서 (2024.12),20250321000845,https://dart.fss.or.kr/dsaf001/main.do?rcpNo=20250321000845
00610490,비디아이,148140,사업보고서 (2024.12),20250331001353,https://dart.fss.or.kr/dsaf001/main.do?rcpNo=20250331001353
00611736,엑시콘,092870,사업보고서 (2024.12),20250317000963,https://dart.fss.or.kr/dsaf001/main.do?rcpNo=20250317000963
00622787,바이오노트,377740,사업보고서 (2024.12),20250318001275,https://dart.fss.or.kr/dsaf001/main.do?rcpNo=20250318001275
00623661,원익머트리얼즈,104830,사업보고서 (2024.12),20250318000996,https://dart.fss.or.kr/dsaf001/main.do?rcpNo=20250318000996
00625942,한솔아이원스,114810,사업보고서 (2024.12),20250310001018,https://dart.fss.or.kr/dsaf001/main.do?rcpNo=20250310001018
00642541,제이에스링크,127120,[기재정정]사업보고서 (2024.12),20250814003660,https://dart.fss.or.kr/dsaf001/main.do?rcpNo=20250814003660
00643656,위메이드맥스,101730,사업보고서 (2024.12),20250313001305,https://dart.fss.or.kr/dsaf001/main.do?rcpNo=20250313001305
00645089,NHN벅스,104200,[첨부추가]사업보고서 (2024.12),20250320001006,https://dart.fss.or.kr/dsaf001/main.do?rcpNo=20250320001006
00650771,하이젠알앤엠,160190,사업보고서 (2024.12),20250318000179,https://dart.fss.or.kr/dsaf001/main.do?rcpNo=20250318000179
00656951,현대이지웰,090850,[기재정정]사업보고서 (2024.12),20250411000600,https://dart.fss.or.kr/dsaf001/main.do?rcpNo=20250411000600
00657224,아이스크림미디어,461300,사업보고서 (2024.12),20250319000214,https://dart.fss.or.kr/dsaf001/main.do?rcpNo=20250319000214
00657783,모델솔루션,417970,[기재정정]사업보고서 (2024.12),20250529000013,https://dart.fss.or.kr/dsaf001/main.do?rcpNo=20250529000013
00659684,장원테크,174880,사업보고서 (2024.12),20250321000643,https://dart.fss.or.kr/dsaf001/main.do?rcpNo=20250321000643
00672603,케이엔알시스템,199430,사업보고서 (2024.12),20250321000542,https://dart.fss.or.kr/dsaf001/main.do?rcpNo=20250321000542
00673523,엔에이치농협캐피탈,,사업보고서 (2024.12),20250331001948,https://dart.fss.or.kr/dsaf001/main.do?rcpNo=20250331001948
00683450,평택에너지앤파워,,사업보고서 (2024.12),20250331003557,https://dart.fss.or.kr/dsaf001/main.do?rcpNo=20250331003557
00684714,풍산,103140,사업보고서 (2024.12),20250313001378,https://dart.fss.or.kr/dsaf001/main.do?rcpNo=20250313001378
00684918,아이비케이투자증권,,사업보고서 (2024.12),20250331003294,https://dart.fss.or.kr/dsaf001/main.do?rcpNo=20250331003294
00688996,KB금융,105560,[기재정정]사업보고서 (2024.12),20250526000370,https://dart.fss.or.kr/dsaf001/main.do?rcpNo=20250526000370
00692254,아이패밀리에스씨,114840,사업보고서 (2024.12),20250320000516,https://dart.fss.or.kr/dsaf001/main.do?rcpNo=20250320000516
00763701,헥토파이낸셜,234340,[기재정정]사업보고서 (2024.12),20250616000276,https://dart.fss.or.kr/dsaf001/main.do?rcpNo=20250616000276
00765462,씨에스베어링,297090,사업보고서 (2024.12),20250317000946,https://dart.fss.or.kr/dsaf001/main.do?rcpNo=20250317000946
00778794,에스코어,,사업보고서 (2024.12),20250331002962,https://dart.fss.or.kr/dsaf001/main.do?rcpNo=20250331002962
00779845,OCI스페셜티,,사업보고서 (2024.12),20250331000962,https://dart.fss.or.kr/dsaf001/main.do?rcpNo=20250331000962
00792174,동화일렉트로라이트,,[첨부추가]사업보고서 (2024.12),20250331001937,https://dart.fss.or.kr/dsaf001/main.do?rcpNo=20250331001937
00796471,아이엠캐피탈,,사업보고서 (2024.12),20250331003504,https://dart.fss.or.kr/dsaf001/main.do?rcpNo=20250331003504
00796994,조선선재,120030,[기재정정]사업보고서 (2024.12),20250715000164,https://dart.fss.or.kr/dsaf001/main.do?rcpNo=20250715000164
00799177,삼기,122350,사업보고서 (2024.12),20250318001137,https://dart.fss.or.kr/dsaf001/main.do?rcpNo=20250318001137
00803869,에이플러스리얼티,,사업보고서 (2024.12),20250328001088,https://dart.fss.or.kr/dsaf001/main.do?rcpNo=20250328001088
00808022,메지온,140410,사업보고서 (2024.12),20250320001584,https://dart.fss.or.kr/dsaf001/main.do?rcpNo=20250320001584
00819268,연합자산관리,,사업보고서 (2024.12),20250331002145,https://dart.fss.or.kr/dsaf001/main.do?rcpNo=20250331002145
00820024,에이치엘클레무브,,사업보고서 (2024.12),20250320000765,https://dart.fss.or.kr/dsaf001/main.do?rcpNo=20250320000765
00829380,피제이메탈,128660,사업보고서 (2024.12),20250318001245,https://dart.fss.or.kr/dsaf001/main.do?rcpNo=20250318001245
00838652,에이플러스라이프,,사업보고서 (2024.12),20250328000221,https://dart.fss.or.kr/dsaf001/main.do?rcpNo=20250328000221
00844936,BNK캐피탈,,사업보고서 (2024.12),20250331003677,https://dart.fss.or.kr/dsaf001/main.do?rcpNo=20250331003677
00857392,케이비국민카드,,사업보고서 (2024.12),20250314001563,https://dart.fss.or.kr/dsaf001/main.do?rcpNo=20250314001563
00857480,사람인,143240,사업보고서 (2024.12),20250314001754,https://dart.fss.or.kr/dsaf001/main.do?rcpNo=20250314001754
00858364,BNK금융지주,138930,사업보고서 (2024.12),20250318001176,https://dart.fss.or.kr/dsaf001/main.do?rcpNo=20250318001176
00860332,메리츠금융지주,138040,[기재정정]사업보고서 (2024.12),20250328001697,https://dart.fss.or.kr/dsaf001/main.do?rcpNo=20250328001697
00863038,캐리,313760,[기재정정]사업보고서 (2024.12),20250326000865,https://dart.fss.or.kr/dsaf001/main.do?rcpNo=20250326000865
00864842,현대종합특수강,,사업보고서 (2024.12),20250328001562,https://dart.fss.or.kr/dsaf001/main.do?rcpNo=20250328001562
00867034,듀켐바이오,176750,사업보고서 (2024.12),20250321001776,https://dart.fss.or.kr/dsaf001/main.do?rcpNo=20250321001776
00867973,서남,294630,사업보고서 (2024.12),20250318000674,https://dart.fss.or.kr/dsaf001/main.do?rcpNo=20250318000674
00869500,바디프랜드,,사업보고서 (2024.12),20250331001790,https://dart.fss.or.kr/dsaf001/main.do?rcpNo=20250331001790
00870861,와이엠씨,155650,[기재정정]사업보고서 (2024.12),20250708000176,https://dart.fss.or.kr/dsaf001/main.do?rcpNo=20250708000176
00871772,오일허브코리아여수,,사업보고서 (2024.12),20250331003051,https://dart.fss.or.kr/dsaf001/main.do?rcpNo=20250331003051
00878915,iM금융지주,139130,사업보고서 (2024.12),20250318000693,https://dart.fss.or.kr/dsaf001/main.do?rcpNo=20250318000693
00883980,아이디스,143160,사업보고서 (2024.12),20250318000701,https://dart.fss.or.kr/dsaf001/main.do?rcpNo=20250318000701
00887001,울산지피에스,,사업보고서 (2024.12),20250328002328,https://dart.fss.or.kr/dsaf001/main.do?rcpNo=20250328002328
00904663,롯데오토리스,,사업보고서 (2024.12),20250328001423,https://dart.fss.or.kr/dsaf001/main.do?rcpNo=20250328001423
00908021,농협금융지주,,사업보고서 (2024.12),20250331003837,https://dart.fss.or.kr/dsaf001/main.do?rcpNo=20250331003837
00908155,NH농협손해보험,,사업보고서 (2024.12),20250331003247,https://dart.fss.or.kr/dsaf001/main.do?rcpNo=20250331003247
00909349,농협생명보험,,사업보고서 (2024.12),20250331003065,https://dart.fss.or.kr/dsaf001/main.do?rcpNo=20250331003065
00909835,차이커뮤니케이션,351870,사업보고서 (2024.12),20250321001133,https://dart.fss.or.kr/dsaf001/main.do?rcpNo=20250321001133
00911955,잇츠한불,226320,[기재정정]사업보고서 (2024.12),20250814002293,https://dart.fss.or.kr/dsaf001/main.do?rcpNo=20250814002293
00913689,세경하이테크,148150,사업보고서 (2024.12),20250318000536,https://dart.fss.or.kr/dsaf001/main.do?rcpNo=20250318000536
00915492,홈앤쇼핑,,사업보고서 (2024.12),20250327000560,https://dart.fss.or.kr/dsaf001/main.do?rcpNo=20250327000560
00915508,알엔투테크놀로지,148250,사업보고서 (2024.12),20250319000841,https://dart.fss.or.kr/dsaf001/main.do?rcpNo=20250319000841
00920379,티엘비,356860,사업보고서 (2024.12),20250320000811,https://dart.fss.or.kr/dsaf001/main.do?rcpNo=20250320000811
00923826,일월지엠엘,178780,사업보고서 (2024.12),20250320001390,https://dart.fss.or.kr/dsaf001/main.do?rcpNo=20250320001390
00935821,넷마블네오,,사업보고서 (2024.12),20250331002820,https://dart.fss.or.kr/dsaf001/main.do?rcpNo=20250331002820
00939289,나래에너지서비스,,사업보고서 (2024.12),20250331002115,https://dart.fss.or.kr/dsaf001/main.do?rcpNo=20250331002115
00939687,동일고무벨트,163560,사업보고서 (2024.12),20250312000762,https://dart.fss.or.kr/dsaf001/main.do?rcpNo=20250312000762
00957568,로아앤코,214310,사업보고서 (2024.12),20250408003325,https://dart.fss.or.kr/dsaf001/main.do?rcpNo=20250408003325
00958451,한선엔지니어링,452280,사업보고서 (2024.12),20250320000432,https://dart.fss.or.kr/dsaf001/main.do?rcpNo=20250320000432
00958822,우리카드,,사업보고서 (2024.12),20250318000048,https://dart.fss.or.kr/dsaf001/main.do?rcpNo=20250318000048
00961570,신도기연,290520,사업보고서 (2024.12),20250321000952,https://dart.fss.or.kr/dsaf001/main.do?rcpNo=20250321000952
00962922,팬젠,222110,[기재정정]사업보고서 (2024.12),20250813000271,https://dart.fss.or.kr/dsaf001/main.do?rcpNo=20250813000271
00970143,에스파워,,사업보고서 (2024.12),20250331000225,https://dart.fss.or.kr/dsaf001/main.do?rcpNo=20250331000225
00975290,에이스토리,241840,사업보고서 (2024.12),20250320001255,https://dart.fss.or.kr/dsaf001/main.do?rcpNo=20250320001255
00979074,SK인천석유화학,,사업보고서 (2024.12),20250318001053,https://dart.fss.or.kr/dsaf001/main.do?rcpNo=20250318001053
00980122,JB금융지주,175330,사업보고서 (2024.12),20250319000926,https://dart.fss.or.kr/dsaf001/main.do?rcpNo=20250319000926
00982023,실리콘투,257720,[기재정정]사업보고서 (2024.12),20250408002625,https://dart.fss.or.kr/dsaf001/main.do?rcpNo=20250408002625
00985686,큐브엔터,182360,사업보고서 (2024.12),20250319000765,https://dart.fss.or.kr/dsaf001/main.do?rcpNo=20250319000765
01004775,DL에너지,,사업보고서 (2024.12),20250317000181,https://dart.fss.or.kr/dsaf001/main.do?rcpNo=20250317000181
01013311,헥토이노베이션,214180,사업보고서 (2024.12),20250319000909,https://dart.fss.or.kr/dsaf001/main.do?rcpNo=20250319000909
01015364,우리투자증권,,사업보고서 (2024.12),20250317000857,https://dart.fss.or.kr/dsaf001/main.do?rcpNo=20250317000857
01022142,엠디바이스,226590,사업보고서 (2024.12),20250319000452,https://dart.fss.or.kr/dsaf001/main.do?rcpNo=20250319000452
01023211,와이제이링크,209640,사업보고서 (2024.12),20250320001548,https://dart.fss.or.kr/dsaf001/main.do?rcpNo=20250320001548
01028164,광주은행,192530,사업보고서 (2024.12),20250319000709,https://dart.fss.or.kr/dsaf001/main.do?rcpNo=20250319000709
01030132,경남은행,192520,사업보고서 (2024.12),20250317000814,https://dart.fss.or.kr/dsaf001/main.do?rcpNo=20250317000814
01031502,코아시아씨엠,196450,사업보고서 (2024.12),20250318001365,https://dart.fss.or.kr/dsaf001/main.do?rcpNo=20250318001365
01033591,큐알티,405100,사업보고서 (2024.12),20250318001338,https://dart.fss.or.kr/dsaf001/main.do?rcpNo=20250318001338
01037214,킵스파마,256940,사업보고서 (2024.12),20250320001711,https://dart.fss.or.kr/dsaf001/main.do?rcpNo=20250320001711
01042623,하나카드,,사업보고서 (2024.12),20250317000680,https://dart.fss.or.kr/dsaf001/main.do?rcpNo=20250317000680
01043844,에스케이어드밴스드,,사업보고서 (2024.12),20250331003027,https://dart.fss.or.kr/dsaf001/main.do?rcpNo=20250331003027
01047336,에이에이아이헬스케어,,사업보고서 (2024.12),20250328001666,https://dart.fss.or.kr/dsaf001/main.do?rcpNo=20250328001666
01050738,솔트룩스,304100,사업보고서 (2024.12),20250319000507,https://dart.fss.or.kr/dsaf001/main.do?rcpNo=20250319000507
01059605,디와이파워,210540,사업보고서 (2024.12),20250312001039,https://dart.fss.or.kr/dsaf001/main.do?rcpNo=20250312001039
01061497,FSN,214270,사업보고서 (2024.12),20250321001963,https://dart.fss.or.kr/dsaf001/main.do?rcpNo=20250321001963
01062177,제놀루션,225220,[기재정정]사업보고서 (2024.12),20250328001801,https://dart.fss.or.kr/dsaf001/main.do?rcpNo=20250328001801
01065013,우정바이오,215380,사업보고서 (2024.12),20250320001539,https://dart.fss.or.kr/dsaf001/main.do?rcpNo=20250320001539
01071041,CJ 바이오사이언스,311690,사업보고서 (2024.12),20250317000762,https://dart.fss.or.kr/dsaf001/main.do?rcpNo=20250317000762
01075126,사토시홀딩스,223310,사업보고서 (2024.12),20250318001034,https://dart.fss.or.kr/dsaf001/main.do?rcpNo=20250318001034
01079210,에스케이플라즈마,,사업보고서 (2024.12),20250317000435,https://dart.fss.or.kr/dsaf001/main.do?rcpNo=20250317000435
01080252,넥스틴,348210,[기재정정]사업보고서 (2024.12),20250814003642,https://dart.fss.or.kr/dsaf001/main.do?rcpNo=20250814003642
01087477,아이지에이웍스,,사업보고서 (2024.12),20250331001376,https://dart.fss.or.kr/dsaf001/main.do?rcpNo=20250331001376
01091382,세토피아,222810,[기재정정]사업보고서 (2024.12),20250814004464,https://dart.fss.or.kr/dsaf001/main.do?rcpNo=20250814004464
01119244,넥스콘테크놀러지,,사업보고서 (2024.12),20250331001906,https://dart.fss.or.kr/dsaf001/main.do?rcpNo=20250331001906
01133217,카카오뱅크,323410,[기재정정]사업보고서 (2024.12),20250411001905,https://dart.fss.or.kr/dsaf001/main.do?rcpNo=20250411001905
01137903,디케이티,290550,사업보고서 (2024.12),20250321000737,https://dart.fss.or.kr/dsaf001/main.do?rcpNo=20250321000737
01138595,뱅크웨어글로벌,199480,[기재정정]사업보고서 (2024.12),20250331002789,https://dart.fss.or.kr/dsaf001/main.do?rcpNo=20250331002789
01142260,에스엠씨지,460870,사업보고서 (2024.12),20250320001350,https://dart.fss.or.kr/dsaf001/main.do?rcpNo=20250320001350
01169832,대전신세계,,사업보고서 (2024.12),20250313001203,https://dart.fss.or.kr/dsaf001/main.do?rcpNo=20250313001203
01170865,네오셈,253590,사업보고서 (2024.12),20250318000990,https://dart.fss.or.kr/dsaf001/main.do?rcpNo=20250318000990
01185566,휴엠앤씨,263920,사업보고서 (2024.12),20250318000703,https://dart.fss.or.kr/dsaf001/main.do?rcpNo=20250318000703
01187573,클립스비엔씨,,사업보고서 (2024.12),20250331001230,https://dart.fss.or.kr/dsaf001/main.do?rcpNo=20250331001230
01190568,에이피알,278470,사업보고서 (2024.12),20250321001576,https://dart.fss.or.kr/dsaf001/main.do?rcpNo=20250321001576
01199189,이랜시스,264850,사업보고서 (2024.12),20250314001326,https://dart.fss.or.kr/dsaf001/main.do?rcpNo=20250314001326
01203312,케이뱅크,,사업보고서 (2024.12),20250331000930,https://dart.fss.or.kr/dsaf001/main.do?rcpNo=20250331000930
01207761,프로브잇,227100,사업보고서 (2024.12),20250408000016,https://dart.fss.or.kr/dsaf001/main.do?rcpNo=20250408000016
01208751,아이에스티이,212710,사업보고서 (2024.12),20250321000611,https://dart.fss.or.kr/dsaf001/main.do?rcpNo=20250321000611
01210066,리파인,377450,사업보고서 (2024.12),20250319000449,https://dart.fss.or.kr/dsaf001/main.do?rcpNo=20250319000449
01217111,포스크리에이티브파티,,사업보고서 (2024.12),20250324000467,https://dart.fss.or.kr/dsaf001/main.do?rcpNo=20250324000467
01217865,프롬바이오,377220,사업보고서 (2024.12),20250321001014,https://dart.fss.or.kr/dsaf001/main.do?rcpNo=20250321001014
01230255,한울앤제주,276730,사업보고서 (2024.12),20250321001487,https://dart.fss.or.kr/dsaf001/main.do?rcpNo=20250321001487
01232192,티디에스팜,464280,[기재정정]사업보고서 (2024.12),20250317001016,https://dart.fss.or.kr/dsaf001/main.do?rcpNo=20250317001016
01246034,네오펙트,290660,사업보고서 (2024.12),20250320001036,https://dart.fss.or.kr/dsaf001/main.do?rcpNo=20250320001036
01250666,카카오모빌리티,,사업보고서 (2024.12),20250331002700,https://dart.fss.or.kr/dsaf001/main.do?rcpNo=20250331002700
01256864,에이비엘바이오,298380,사업보고서 (2024.12),20250313001013,https://dart.fss.or.kr/dsaf001/main.do?rcpNo=20250313001013
01283974,삐아,451250,사업보고서 (2024.12),20250320001627,https://dart.fss.or.kr/dsaf001/main.do?rcpNo=20250320001627
01292291,파두,440110,[기재정정]사업보고서 (2024.12),20250814004099,https://dart.fss.or.kr/dsaf001/main.do?rcpNo=20250814004099
01299203,그리드위즈,453450,사업보고서 (2024.12),20250321001848,https://dart.fss.or.kr/dsaf001/main.do?rcpNo=20250321001848
01305869,세니젠,188260,사업보고서 (2024.12),20250318000621,https://dart.fss.or.kr/dsaf001/main.do?rcpNo=20250318000621
01310241,두나무,,[기재정정]사업보고서 (2024.12),20250328000589,https://dart.fss.or.kr/dsaf001/main.do?rcpNo=20250328000589
01335453,조이웍스앤코,309930,사업보고서 (2024.12),20250319001003,https://dart.fss.or.kr/dsaf001/main.do?rcpNo=20250319001003
01339237,여주에너지서비스,,사업보고서 (2024.12),20250331004194,https://dart.fss.or.kr/dsaf001/main.do?rcpNo=20250331004194
01339389,키움캐피탈,,사업보고서 (2024.12),20250328002189,https://dart.fss.or.kr/dsaf001/main.do?rcpNo=20250328002189
01358463,현대무벡스,319400,사업보고서 (2024.12),20250318001331,https://dart.fss.or.kr/dsaf001/main.do?rcpNo=20250318001331
01365825,피에스케이,319660,사업보고서 (2024.12),20250321001930,https://dart.fss.or.kr/dsaf001/main.do?rcpNo=20250321001930
01370863,그린리소스,402490,[기재정정]사업보고서 (2024.12),20250814001330,https://dart.fss.or.kr/dsaf001/main.do?rcpNo=20250814001330
01373709,아이씨티케이,456010,사업보고서 (2024.12),20250319000717,https://dart.fss.or.kr/dsaf001/main.do?rcpNo=20250319000717
01383229,저스템,417840,사업보고서 (2024.12),20250321001280,https://dart.fss.or.kr/dsaf001/main.do?rcpNo=20250321001280
01384787,시프트업,462870,사업보고서 (2024.12),20250319000952,https://dart.fss.or.kr/dsaf001/main.do?rcpNo=20250319000952
01385050,넥스트바이오메디컬,389650,사업보고서 (2024.12),20250313001288,https://dart.fss.or.kr/dsaf001/main.do?rcpNo=20250313001288
01391103,젝시믹스,337930,사업보고서 (2024.12),20250321001524,https://dart.fss.or.kr/dsaf001/main.do?rcpNo=20250321001524
01397620,루닛,328130,사업보고서 (2024.12),20250319001118,https://dart.fss.or.kr/dsaf001/main.do?rcpNo=20250319001118
01397772,큐라클,365270,사업보고서 (2024.12),20250321001071,https://dart.fss.or.kr/dsaf001/main.do?rcpNo=20250321001071
01405585,윙스풋,335870,사업보고서 (2024.12),20250321000933,https://dart.fss.or.kr/dsaf001/main.do?rcpNo=20250321000933
01409022,현대ADM,187660,[기재정정]사업보고서 (2024.12),20250509000345,https://dart.fss.or.kr/dsaf001/main.do?rcpNo=20250509000345
01435489,범한퓨얼셀,382900,사업보고서 (2024.12),20250320001547,https://dart.fss.or.kr/dsaf001/main.do?rcpNo=20250320001547
01444380,에이텀,355690,사업보고서 (2024.12),20250320000893,https://dart.fss.or.kr/dsaf001/main.do?rcpNo=20250320000893
01448544,셀로맥스사이언스,471820,사업보고서 (2024.12),20250321001844,https://dart.fss.or.kr/dsaf001/main.do?rcpNo=20250321001844
01455410,파인메딕스,387570,사업보고서 (2024.12),20250318000406,https://dart.fss.or.kr/dsaf001/main.do?rcpNo=20250318000406
01455492,데이원컴퍼니,373160,사업보고서 (2024.12),20250319000172,https://dart.fss.or.kr/dsaf001/main.do?rcpNo=20250319000172
01456011,디어유,376300,사업보고서 (2024.12),20250312000720,https://dart.fss.or.kr/dsaf001/main.do?rcpNo=20250312000720
01462739,비아이매트릭스,413640,사업보고서 (2024.12),20250320000988,https://dart.fss.or.kr/dsaf001/main.do?rcpNo=20250320000988
01489648,솔브레인,357780,사업보고서 (2024.12),20250317000913,https://dart.fss.or.kr/dsaf001/main.do?rcpNo=20250317000913
01491607,오에스피,368970,사업보고서 (2024.12),20250318000558,https://dart.fss.or.kr/dsaf001/main.do?rcpNo=20250318000558
01492688,드림인사이트,362990,사업보고서 (2024.12),20250318001111,https://dart.fss.or.kr/dsaf001/main.do?rcpNo=20250318001111
01494118,노을,376930,사업보고서 (2024.12),20250318001048,https://dart.fss.or.kr/dsaf001/main.do?rcpNo=20250318001048
01494154,지니너스,389030,사업보고서 (2024.12),20250317000707,https://dart.fss.or.kr/dsaf001/main.do?rcpNo=20250317000707
01495180,파로스아이바이오,388870,사업보고서 (2024.12),20250318000003,https://dart.fss.or.kr/dsaf001/main.do?rcpNo=20250318000003
01506617,쓰리빌리언,394800,[기재정정]사업보고서 (2024.12),20250417000394,https://dart.fss.or.kr/dsaf001/main.do?rcpNo=20250417000394
01511521,키움에프앤아이,,사업보고서 (2024.12),20250328002337,https://dart.fss.or.kr/dsaf001/main.do?rcpNo=20250328002337
01518755,와이즈에이아이,,사업보고서 (2024.12),20250401001954,https://dart.fss.or.kr/dsaf001/main.do?rcpNo=20250401001954
01519790,엠앤씨솔루션,484870,사업보고서 (2024.12),20250319000653,https://dart.fss.or.kr/dsaf001/main.do?rcpNo=20250319000653
01559637,블루엠텍,439580,사업보고서 (2024.12),20250321001784,https://dart.fss.or.kr/dsaf001/main.do?rcpNo=20250321001784
01563922,엠오티,413390,[기재정정]사업보고서 (2024.12),20250407001874,https://dart.fss.or.kr/dsaf001/main.do?rcpNo=20250407001874
01564222,아이지이,,사업보고서 (2024.12),20250331003233,https://dart.fss.or.kr/dsaf001/main.do?rcpNo=20250331003233
01566248,에코프로에이치엔,383310,[기재정정]사업보고서 (2024.12),20250814003200,https://dart.fss.or.kr/dsaf001/main.do?rcpNo=20250814003200
01571107,오픈엣지테크놀로지,394280,사업보고서 (2024.12),20250320000861,https://dart.fss.or.kr/dsaf001/main.do?rcpNo=20250320000861
01576704,럭스로보,,사업보고서 (2024.12),20250321001895,https://dart.fss.or.kr/dsaf001/main.do?rcpNo=20250321001895
01579570,시큐레터,418250,사업보고서 (2024.12),20250320001726,https://dart.fss.or.kr/dsaf001/main.do?rcpNo=20250320001726
01584183,퀄리타스반도체,432720,사업보고서 (2024.12),20250320000317,https://dart.fss.or.kr/dsaf001/main.do?rcpNo=20250320000317
01592447,에스케이온,,[기재정정]사업보고서 (2024.12),20250331003597,https://dart.fss.or.kr/dsaf001/main.do?rcpNo=20250331003597
01593668,센서뷰,321370,사업보고서 (2024.12),20250319000692,https://dart.fss.or.kr/dsaf001/main.do?rcpNo=20250319000692
01594904,이브이알스튜디오,,사업보고서 (2024.12),20250407003921,https://dart.fss.or.kr/dsaf001/main.do?rcpNo=20250407003921
01601222,씨피시스템,413630,[기재정정]사업보고서 (2024.12),20250407002323,https://dart.fss.or.kr/dsaf001/main.do?rcpNo=20250407002323
01602124,에스케이스페셜티,,사업보고서 (2024.12),20250331004005,https://dart.fss.or.kr/dsaf001/main.do?rcpNo=20250331004005
01629495,세아베스틸,,사업보고서 (2024.12),20250311000871,https://dart.fss.or.kr/dsaf001/main.do?rcpNo=20250311000871
01635308,케이솔루션,,사업보고서 (2024.12),20250331002824,https://dart.fss.or.kr/dsaf001/main.do?rcpNo=20250331002824
01649204,달바글로벌,483650,사업보고서 (2024.12),20250318000466,https://dart.fss.or.kr/dsaf001/main.do?rcpNo=20250318000466
01685251,컨텍,451760,[기재정정]사업보고서 (2024.12),20250717000112,https://dart.fss.or.kr/dsaf001/main.do?rcpNo=20250717000112
01689035,민테크,452200,사업보고서 (2024.12),20250320000844,https://dart.fss.or.kr/dsaf001/main.do?rcpNo=20250320000844
01702017,유니드비티플러스,446070,사업보고서 (2024.12),20250319000185,https://dart.fss.or.kr/dsaf001/main.do?rcpNo=20250319000185
01704680,M83,476080,사업보고서 (2024.12),20250320001408,https://dart.fss.or.kr/dsaf001/main.do?rcpNo=20250320001408
01717903,우리금융에프앤아이,,사업보고서 (2024.12),20250331001910,https://dart.fss.or.kr/dsaf001/main.do?rcpNo=20250331001910
01762569,이수스페셜티케미컬,457190,사업보고서 (2024.12),20250320001543,https://dart.fss.or.kr/dsaf001/main.do?rcpNo=20250320001543
01770203,조선내화,462520,사업보고서 (2024.12),20250311000815,https://dart.fss.or.kr/dsaf001/main.do?rcpNo=20250311000815
01782952,엘티,,사업보고서 (2024.12),20250331001713,https://dart.fss.or.kr/dsaf001/main.do?rcpNo=20250331001713
01806951,폰드그룹,472850,사업보고서 (2024.12),20250321001747,https://dart.fss.or.kr/dsaf001/main.do?rcpNo=20250321001747
01817081,SK이터닉스,475150,사업보고서 (2024.12),20250317000875,https://dart.fss.or.kr/dsaf001/main.do?rcpNo=20250317000875
01854763,HS효성,487570,사업보고서 (2024.12),20250312000990,https://dart.fss.or.kr/dsaf001/main.do?rcpNo=20250312000990
01882845,GS피앤엘,499790,사업보고서 (2024.12),20250311001121,https://dart.fss.or.kr/dsaf001/main.do?rcpNo=20250311001121
